{
  "cpu_model": "Intel(R) Core(TM) i9-8950HK CPU @ 2.90GHz",
  "cpu_cores": 12,
  "memory_gb": 7.6546478271484375,
  "platform": "Linux 6.10.14-linuxkit",
  "tier": "low",
  "baseline_rate": 19.8,
  "mongodb_benchmark": {
    "available": true,
    "write_speed_docs_per_sec": 32436.288270731347,
    "read_speed_docs_per_sec": 151216.93045390633,
    "avg_write_latency_ms": 0.030829668045043945,
    "avg_read_latency_ms": 0.006613016128540039,
    "connection_latency_ms": 43.61701011657715,
    "error_message": null
  },
  "disk_io_benchmark": {
    "sequential_write_mbps": 1878.5792986070676,
    "sequential_read_mbps": 4169.785660317334,
    "random_write_mbps": 136.16455433201745,
    "random_read_mbps": 378.49700833968626,
    "test_file_size_mb": 100
  },
  "network_benchmark": {
    "kato_api_latency_ms": 0.0,
    "kato_api_available": false,
    "localhost_latency_ms": 0.10516643524169922
  },
  "gpu_info": {
    "gpu_available": false,
    "gpu_count": 0,
    "gpu_names": [],
    "gpu_memory_mb": []
  },
  "estimated_samples_per_sec": 2.674920411328108,
  "estimated_tokens_per_sec": 1337.460205664054,
  "bottleneck_prediction": "cpu"
}