{
  "total_duration_seconds": 3681.839008331299,
  "training_duration_seconds": 3681.839008331299,
  "peak_memory_mb": 1233.89453125,
  "avg_memory_mb": 1216.5720156335103,
  "memory_per_sample_mb": 0.12425411251491271,
  "memory_trend": "stable",
  "avg_cpu_percent": 12.39041394335512,
  "peak_cpu_percent": 127.7,
  "cpu_bottleneck_detected": false,
  "avg_cpu_per_core": [
    6.837418300653595,
    9.946813725490195,
    10.89520697167756,
    9.578159041394336,
    8.335866013071895,
    10.916530501089325,
    8.244907407407407,
    9.383578431372548,
    12.706263616557733,
    11.912772331154683,
    12.239324618736385,
    10.065550108932461
  ],
  "total_disk_read_mb": 3.16015625,
  "total_disk_write_mb": 8512.7265625,
  "avg_write_speed_mbps": 2.3120854940254922,
  "disk_io_bottleneck_detected": true,
  "total_network_sent_mb": 232.98733139038086,
  "total_network_recv_mb": 553.3306264877319,
  "avg_network_latency_ms": 0,
  "samples_processed": 9791,
  "samples_per_second": 2.659268908239832,
  "tokens_per_second": null,
  "node_stats": {},
  "event_stats": {},
  "primary_bottleneck": "memory",
  "bottleneck_confidence": 1.0
}